measurement_date,avg_daily_weight_lb,measurement_count,rolling_7_day_avg_weight,fitness_phase
2020-08-26,139.0,1,139.0,Transition / Unlabeled
2020-08-27,138.2,1,138.6,Transition / Unlabeled
2020-08-28,140.2,1,139.13333333333333,Transition / Unlabeled
2020-08-29,137.6,1,138.75,Transition / Unlabeled
2020-08-30,139.2,1,138.83999999999997,Transition / Unlabeled
2020-09-09,140.2,1,139.06666666666666,Transition / Unlabeled
2020-09-12,139.2,1,139.08571428571426,Transition / Unlabeled
2020-09-13,143.6,1,139.74285714285713,Transition / Unlabeled
2020-09-14,142.8,1,140.4,Transition / Unlabeled
2020-09-15,139.6,1,140.31428571428572,Transition / Unlabeled
2020-09-23,141.6,1,140.88571428571427,Transition / Unlabeled
2020-09-25,144.2,1,141.6,Transition / Unlabeled
2020-09-27,144.0,1,142.14285714285714,Transition / Unlabeled
2020-09-28,145.0,1,142.97142857142856,Transition / Unlabeled
2020-09-29,143.4,1,142.94285714285715,Transition / Unlabeled
2020-10-01,144.6,1,143.2,Transition / Unlabeled
2020-10-02,145.8,1,144.0857142857143,Transition / Unlabeled
2020-10-04,143.6,1,144.37142857142857,Transition / Unlabeled
2020-10-05,143.4,1,144.25714285714287,Transition / Unlabeled
2020-10-06,144.0,1,144.25714285714284,Transition / Unlabeled
2020-10-07,145.6,1,144.34285714285713,Transition / Unlabeled
2020-10-08,144.2,1,144.45714285714286,Transition / Unlabeled
2020-10-09,145.8,1,144.62857142857143,Transition / Unlabeled
2020-10-11,145.8,1,144.62857142857143,Transition / Unlabeled
2020-10-12,146.8,1,145.0857142857143,Transition / Unlabeled
2020-10-13,145.6,1,145.4,Transition / Unlabeled
2020-10-14,147.2,1,145.85714285714286,Transition / Unlabeled
2020-10-15,146.8,1,146.02857142857144,Transition / Unlabeled
2020-10-16,147.6,1,146.51428571428573,Transition / Unlabeled
2020-10-17,147.0,1,146.68571428571428,Transition / Unlabeled
2020-10-18,147.4,1,146.91428571428574,Transition / Unlabeled
2020-10-19,148.0,1,147.08571428571426,Transition / Unlabeled
2020-10-20,148.0,1,147.42857142857142,Transition / Unlabeled
2020-10-21,148.6,1,147.62857142857143,Transition / Unlabeled
2020-10-22,150.4,1,148.14285714285714,Transition / Unlabeled
2020-10-23,149.4,1,148.4,Transition / Unlabeled
2020-10-24,149.6,1,148.77142857142857,Transition / Unlabeled
2020-10-25,150.0,1,149.14285714285714,Transition / Unlabeled
2020-10-26,150.8,1,149.54285714285714,Transition / Unlabeled
2020-10-27,149.6,1,149.77142857142854,Transition / Unlabeled
2020-10-28,151.2,1,150.14285714285714,Transition / Unlabeled
2020-10-29,152.2,1,150.4,Transition / Unlabeled
2020-10-30,148.6,1,150.28571428571428,Transition / Unlabeled
2020-10-31,151.2,1,150.5142857142857,Transition / Unlabeled
2020-11-01,148.6,1,150.31428571428572,Transition / Unlabeled
2020-11-02,148.6,1,150.0,Transition / Unlabeled
2020-11-03,150.2,1,150.08571428571426,Transition / Unlabeled
2020-11-04,148.8,1,149.74285714285716,Transition / Unlabeled
2020-11-05,149.2,1,149.3142857142857,Transition / Unlabeled
2020-11-06,148.60000000000002,2,149.31428571428572,Transition / Unlabeled
2020-11-07,148.0,1,148.85714285714286,Transition / Unlabeled
2020-11-08,149.0,1,148.91428571428574,Transition / Unlabeled
2020-11-09,150.0,1,149.11428571428573,Transition / Unlabeled
2020-11-10,148.6,1,148.8857142857143,Transition / Unlabeled
2020-11-11,150.0,1,149.05714285714288,Transition / Unlabeled
2020-11-12,148.6,1,148.97142857142856,Transition / Unlabeled
2020-11-13,150.2,1,149.20000000000002,Transition / Unlabeled
2020-11-14,149.0,1,149.34285714285716,Transition / Unlabeled
2020-11-15,148.4,1,149.25714285714284,Transition / Unlabeled
2020-11-16,147.2,1,148.85714285714286,Transition / Unlabeled
2020-11-17,146.0,1,148.48571428571427,Transition / Unlabeled
2020-11-18,147.8,1,148.17142857142858,Transition / Unlabeled
2020-11-19,147.2,1,147.97142857142856,Transition / Unlabeled
2020-11-20,149.0,1,147.79999999999998,Transition / Unlabeled
2020-11-21,147.8,1,147.62857142857143,Transition / Unlabeled
2020-11-23,147.4,1,147.4857142857143,Transition / Unlabeled
2020-11-24,147.4,1,147.5142857142857,Transition / Unlabeled
2020-11-25,147.6,1,147.74285714285716,Transition / Unlabeled
2020-11-26,147.6,1,147.71428571428572,Transition / Unlabeled
2020-11-27,147.0,1,147.68571428571428,Transition / Unlabeled
2020-11-28,148.2,1,147.57142857142858,Transition / Unlabeled
2020-11-29,148.0,1,147.6,Transition / Unlabeled
2020-11-30,146.0,1,147.4,Transition / Unlabeled
2020-12-01,149.2,1,147.65714285714284,Transition / Unlabeled
2020-12-02,147.2,1,147.6,Transition / Unlabeled
2020-12-03,147.4,1,147.57142857142858,Transition / Unlabeled
2020-12-04,148.4,1,147.77142857142857,Transition / Unlabeled
2020-12-05,145.6,1,147.4,Transition / Unlabeled
2020-12-06,147.4,1,147.31428571428572,Transition / Unlabeled
2020-12-07,147.60000000000002,2,147.54285714285714,Transition / Unlabeled
2020-12-08,147.0,1,147.22857142857146,Transition / Unlabeled
2020-12-09,148.4,1,147.4,Transition / Unlabeled
2020-12-10,148.0,1,147.4857142857143,Transition / Unlabeled
2020-12-11,148.8,1,147.54285714285717,Transition / Unlabeled
2020-12-12,148.0,1,147.8857142857143,Transition / Unlabeled
2020-12-13,149.4,1,148.17142857142858,Transition / Unlabeled
2020-12-14,148.4,1,148.28571428571428,Transition / Unlabeled
2020-12-15,150.6,1,148.8,Transition / Unlabeled
2020-12-16,148.6,1,148.82857142857142,Transition / Unlabeled
2020-12-17,150.2,1,149.14285714285714,Transition / Unlabeled
2020-12-18,149.4,1,149.22857142857143,Transition / Unlabeled
2020-12-19,148.4,1,149.28571428571428,Transition / Unlabeled
2020-12-20,149.4,1,149.28571428571428,Transition / Unlabeled
2020-12-21,149.4,1,149.42857142857142,Transition / Unlabeled
2020-12-22,147.8,1,149.02857142857144,Transition / Unlabeled
2020-12-23,148.6,1,149.02857142857144,Transition / Unlabeled
2020-12-24,151.2,1,149.17142857142858,Transition / Unlabeled
2020-12-25,147.8,1,148.94285714285712,Transition / Unlabeled
2020-12-26,150.0,1,149.17142857142858,Transition / Unlabeled
2020-12-27,149.8,1,149.22857142857146,Transition / Unlabeled
2020-12-28,149.6,1,149.25714285714284,Transition / Unlabeled
2020-12-29,149.8,1,149.54285714285714,Transition / Unlabeled
2020-12-30,150.0,1,149.74285714285716,Transition / Unlabeled
2020-12-31,149.6,1,149.51428571428573,Transition / Unlabeled
2021-01-01,148.4,1,149.6,Transition / Unlabeled
2021-01-02,150.2,1,149.62857142857143,Transition / Unlabeled
2021-01-03,150.0,1,149.65714285714284,Transition / Unlabeled
2021-01-04,147.8,1,149.4,Transition / Unlabeled
2021-01-05,148.4,4,149.20000000000002,Transition / Unlabeled
2021-01-06,149.0,1,149.05714285714288,Transition / Unlabeled
2021-01-07,148.0,1,148.82857142857142,Transition / Unlabeled
2021-01-08,146.4,1,148.54285714285714,Transition / Unlabeled
2021-01-18,145.2,1,147.82857142857142,Transition / Unlabeled
2021-01-25,144.4,1,147.02857142857144,Transition / Unlabeled
2021-02-01,143.8,1,146.45714285714286,Transition / Unlabeled
2021-02-08,144.0,1,145.82857142857142,Transition / Unlabeled
2021-02-15,143.0,1,144.97142857142856,Transition / Unlabeled
2021-02-22,143.4,1,144.31428571428572,Transition / Unlabeled
2021-03-01,143.0,1,143.82857142857142,Transition / Unlabeled
2021-03-08,143.0,1,143.5142857142857,Transition / Unlabeled
2021-03-15,141.4,1,143.0857142857143,Transition / Unlabeled
2021-03-22,143.0,1,142.9714285714286,Transition / Unlabeled
2021-03-29,142.6,1,142.77142857142857,Transition / Unlabeled
2021-04-05,144.2,1,142.94285714285715,Transition / Unlabeled
2021-04-12,141.8,1,142.71428571428572,Transition / Unlabeled
2021-04-19,143.2,1,142.74285714285716,Transition / Unlabeled
2021-04-26,144.2,1,142.91428571428574,Transition / Unlabeled
2021-05-01,142.4,1,143.05714285714285,Transition / Unlabeled
2021-05-02,143.2,1,143.08571428571426,Transition / Unlabeled
2021-05-03,143.2,1,143.17142857142858,Transition / Unlabeled
2021-05-04,143.6,1,143.08571428571426,Transition / Unlabeled
2021-05-05,141.6,1,143.05714285714285,Transition / Unlabeled
2021-05-06,143.6,1,143.1142857142857,Transition / Unlabeled
2021-05-07,143.2,1,142.97142857142856,Transition / Unlabeled
2021-05-08,141.4,1,142.82857142857142,Transition / Unlabeled
2021-05-09,143.0,1,142.8,Transition / Unlabeled
2021-05-10,142.4,1,142.68571428571428,Transition / Unlabeled
2021-05-11,142.6,1,142.54285714285714,Transition / Unlabeled
2021-05-12,142.4,1,142.65714285714287,Transition / Unlabeled
2021-05-13,143.4,1,142.62857142857143,Transition / Unlabeled
2021-05-14,143.2,1,142.62857142857143,Transition / Unlabeled
2021-05-15,142.4,1,142.77142857142857,Transition / Unlabeled
2021-05-16,141.6,1,142.57142857142858,Transition / Unlabeled
2021-05-17,141.8,1,142.4857142857143,Transition / Unlabeled
2021-05-18,142.4,1,142.45714285714286,Transition / Unlabeled
2021-05-19,141.0,1,142.25714285714284,Transition / Unlabeled
2021-05-20,141.60000000000002,2,142.0,Transition / Unlabeled
2021-05-21,141.8,1,141.8,Transition / Unlabeled
2021-05-30,141.8,1,141.71428571428572,Transition / Unlabeled
2021-06-07,140.4,1,141.54285714285714,Transition / Unlabeled
2021-06-14,140.8,1,141.4,Transition / Unlabeled
2021-06-20,140.4,1,141.11428571428573,Transition / Unlabeled
2021-06-28,139.8,1,140.94285714285715,Transition / Unlabeled
2021-07-12,140.6,1,140.8,Transition / Unlabeled
2021-07-19,138.6,1,140.34285714285716,Transition / Unlabeled
2021-07-26,139.2,1,139.9714285714286,Transition / Unlabeled
2021-08-02,138.2,1,139.65714285714284,Transition / Unlabeled
2021-08-16,139.4,1,139.45714285714286,Transition / Unlabeled
2021-08-23,140.4,1,139.45714285714286,Transition / Unlabeled
2021-09-06,137.6,1,139.14285714285714,Transition / Unlabeled
2022-04-10,131.6,1,137.85714285714286,Transition / Unlabeled
2022-05-29,137.2,1,137.65714285714287,Transition / Unlabeled
2022-06-21,138.6,1,137.57142857142858,Transition / Unlabeled
2022-07-17,141.4,1,138.0285714285714,Transition / Unlabeled
2022-07-19,142.8,1,138.5142857142857,Transition / Unlabeled
2022-07-20,143.6,1,138.97142857142856,Transition / Unlabeled
2022-07-21,142.2,1,139.62857142857143,Transition / Unlabeled
2022-07-23,143.8,1,141.37142857142857,Transition / Unlabeled
2022-07-24,144.0,1,142.34285714285713,Transition / Unlabeled
2022-07-25,143.8,1,143.0857142857143,Transition / Unlabeled
2022-07-26,143.0,1,143.31428571428572,Transition / Unlabeled
2022-07-27,143.0,1,143.34285714285716,Transition / Unlabeled
2022-07-28,143.2,1,143.28571428571428,Transition / Unlabeled
2022-07-29,143.0,1,143.4,Transition / Unlabeled
2022-07-31,143.0,1,143.28571428571428,Transition / Unlabeled
2022-08-02,143.0,1,143.14285714285714,Transition / Unlabeled
2022-08-03,142.8,1,143.0,Transition / Unlabeled
2022-08-04,143.6,1,143.08571428571426,Transition / Unlabeled
2022-08-05,145.6,1,143.45714285714286,Transition / Unlabeled
2022-08-06,143.4,1,143.4857142857143,Transition / Unlabeled
2022-08-07,145.2,1,143.8,Transition / Unlabeled
2022-08-08,144.6,1,144.02857142857144,Transition / Unlabeled
2022-08-09,144.0,1,144.17142857142858,Transition / Unlabeled
2022-08-14,143.2,1,144.22857142857143,Transition / Unlabeled
2022-08-15,141.2,1,143.8857142857143,Transition / Unlabeled
2022-08-18,142.0,1,143.37142857142857,Transition / Unlabeled
2022-08-19,142.8,1,143.28571428571428,Transition / Unlabeled
2022-08-21,145.0,1,143.25714285714284,Transition / Unlabeled
2022-08-22,143.6,1,143.1142857142857,Transition / Unlabeled
2022-08-24,145.0,1,143.25714285714284,Transition / Unlabeled
2022-08-26,145.0,1,143.5142857142857,Transition / Unlabeled
2022-08-28,144.8,1,144.02857142857144,Transition / Unlabeled
2022-08-30,144.6,1,144.4,Transition / Unlabeled
2022-09-01,145.2,1,144.74285714285716,Transition / Unlabeled
2022-09-03,145.0,1,144.74285714285716,Transition / Unlabeled
2022-11-06,143.8,1,144.77142857142857,Transition / Unlabeled
2023-06-09,151.0,1,145.62857142857143,Transition / Unlabeled
2023-06-13,151.6,1,146.57142857142858,Transition / Unlabeled
2023-06-14,153.2,1,147.77142857142857,Transition / Unlabeled
2023-06-15,152.8,1,148.94285714285712,Transition / Unlabeled
2023-06-16,153.6,1,150.14285714285714,Transition / Unlabeled
2023-06-17,154.4,1,151.4857142857143,Transition / Unlabeled
2023-06-18,153.2,1,152.82857142857142,Transition / Unlabeled
2023-06-20,152.8,1,153.08571428571426,Transition / Unlabeled
2023-06-21,154.0,1,153.42857142857142,Transition / Unlabeled
2023-06-22,154.6,1,153.6285714285714,Transition / Unlabeled
2023-06-23,154.6,1,153.8857142857143,Transition / Unlabeled
2023-06-24,155.0,1,154.08571428571426,Transition / Unlabeled
2023-06-26,154.4,1,154.08571428571426,Transition / Unlabeled
2023-06-27,153.6,1,154.14285714285714,Transition / Unlabeled
2023-06-28,154.6,1,154.4,Transition / Unlabeled
2023-06-29,154.2,1,154.42857142857142,Transition / Unlabeled
2023-06-30,154.6,2,154.42857142857142,Transition / Unlabeled
2023-07-01,155.0,1,154.4857142857143,Transition / Unlabeled
2023-07-02,154.6,1,154.42857142857142,Transition / Unlabeled
2023-07-03,155.0,1,154.5142857142857,Transition / Unlabeled
2023-07-04,153.8,1,154.54285714285714,Transition / Unlabeled
2023-07-05,156.6,1,154.82857142857142,Transition / Unlabeled
2023-07-06,154.4,1,154.85714285714286,Transition / Unlabeled
2023-07-07,154.8,1,154.8857142857143,Transition / Unlabeled
2023-07-08,156.0,1,155.02857142857144,Transition / Unlabeled
2023-07-09,155.8,1,155.20000000000002,Transition / Unlabeled
2023-07-10,155.2,1,155.22857142857146,Transition / Unlabeled
2023-07-11,154.8,1,155.37142857142857,Transition / Unlabeled
2023-07-12,154.8,1,155.11428571428573,Transition / Unlabeled
2023-07-13,155.2,1,155.22857142857143,Transition / Unlabeled
2023-07-14,156.0,1,155.4,Transition / Unlabeled
2023-07-15,157.0,1,155.54285714285714,Transition / Unlabeled
2023-07-16,155.6,1,155.5142857142857,Transition / Unlabeled
2023-07-18,155.6,1,155.57142857142858,Transition / Unlabeled
2023-07-20,155.6,2,155.68571428571428,Transition / Unlabeled
2023-07-21,156.0,1,155.85714285714286,Transition / Unlabeled
2023-07-22,156.0,1,155.97142857142856,Transition / Unlabeled
2023-07-23,155.6,1,155.91428571428568,Transition / Unlabeled
2023-07-24,155.0,1,155.6285714285714,Transition / Unlabeled
2023-07-25,155.4,1,155.6,Transition / Unlabeled
2023-07-26,155.8,1,155.62857142857143,Transition / Unlabeled
2023-07-27,155.8,1,155.65714285714284,Transition / Unlabeled
2023-07-28,156.4,1,155.71428571428572,Transition / Unlabeled
2023-07-29,156.8,1,155.82857142857142,Transition / Unlabeled
2023-07-30,155.0,1,155.74285714285716,Transition / Unlabeled
2023-07-31,155.8,1,155.85714285714286,Transition / Unlabeled
2023-08-01,155.8,1,155.91428571428574,Transition / Unlabeled
2023-08-02,156.0,1,155.94285714285715,Transition / Unlabeled
2023-08-03,154.8,1,155.8,Transition / Unlabeled
2023-08-04,155.8,1,155.71428571428572,Transition / Unlabeled
2023-08-05,155.6,1,155.54285714285714,Transition / Unlabeled
2023-08-06,156.0,1,155.68571428571428,Transition / Unlabeled
2023-08-07,155.2,1,155.6,Transition / Unlabeled
2023-08-08,154.6,1,155.42857142857142,Transition / Unlabeled
2023-08-09,154.6,1,155.22857142857143,Transition / Unlabeled
2023-08-10,154.0,1,155.1142857142857,Transition / Unlabeled
2023-08-13,154.4,1,154.91428571428568,Transition / Unlabeled
2023-08-14,152.8,1,154.51428571428573,Transition / Unlabeled
2023-08-15,153.0,1,154.08571428571432,Transition / Unlabeled
2023-08-16,153.2,1,153.79999999999998,Transition / Unlabeled
2023-08-17,152.0,1,153.42857142857142,Transition / Unlabeled
2023-08-18,152.8,1,153.17142857142858,Transition / Unlabeled
2023-08-19,153.8,1,153.14285714285714,Transition / Unlabeled
2023-08-20,154.8,1,153.20000000000002,Transition / Unlabeled
2023-08-21,153.2,1,153.25714285714284,Transition / Unlabeled
2023-08-22,153.4,1,153.31428571428572,Transition / Unlabeled
2023-08-23,153.4,1,153.34285714285716,Transition / Unlabeled
2023-08-24,153.6,1,153.57142857142858,Transition / Unlabeled
2023-08-25,154.4,1,153.8,Transition / Unlabeled
2023-08-26,154.4,1,153.8857142857143,Transition / Unlabeled
2023-08-27,153.6,1,153.71428571428572,Transition / Unlabeled
2023-08-28,154.6,1,153.91428571428574,Transition / Unlabeled
2023-08-29,153.4,1,153.91428571428574,Transition / Unlabeled
2023-08-30,153.8,1,153.97142857142856,Transition / Unlabeled
2023-08-31,154.4,1,154.08571428571426,Transition / Unlabeled
2023-09-01,154.2,1,154.05714285714288,Transition / Unlabeled
2023-09-03,154.4,1,154.05714285714285,Transition / Unlabeled
2023-09-04,156.0,1,154.4,Transition / Unlabeled
2023-09-05,155.6,1,154.54285714285714,Transition / Unlabeled
2023-09-07,155.4,1,154.82857142857142,Transition / Unlabeled
2023-09-08,156.2,2,155.17142857142858,Transition / Unlabeled
2023-09-09,155.8,1,155.37142857142857,Transition / Unlabeled
2023-09-11,154.4,1,155.4,Transition / Unlabeled
2023-09-12,157.0,2,155.77142857142857,Transition / Unlabeled
2023-09-14,155.2,1,155.65714285714284,Transition / Unlabeled
2023-09-15,155.4,1,155.62857142857143,Transition / Unlabeled
2023-09-17,155.6,1,155.65714285714284,Transition / Unlabeled
2023-09-18,155.6,1,155.57142857142858,Transition / Unlabeled
2023-09-19,155.2,1,155.48571428571427,Transition / Unlabeled
2023-09-20,155.6,1,155.65714285714284,Transition / Unlabeled
2023-09-21,155.2,1,155.4,Transition / Unlabeled
2023-09-22,155.2,1,155.4,Transition / Unlabeled
2023-09-23,157.8,1,155.7428571428571,Transition / Unlabeled
2023-09-25,155.4,1,155.71428571428572,Transition / Unlabeled
2023-09-26,155.4,1,155.68571428571428,Transition / Unlabeled
2023-09-27,155.6,1,155.74285714285716,Transition / Unlabeled
2023-09-28,156.4,1,155.85714285714286,Transition / Unlabeled
2023-09-29,156.6,1,156.05714285714288,Transition / Unlabeled
2023-09-30,155.6,1,156.1142857142857,Transition / Unlabeled
2023-10-01,156.0,1,155.85714285714286,Transition / Unlabeled
2023-10-02,156.8,1,156.05714285714288,Transition / Unlabeled
2023-10-03,155.6,1,156.08571428571426,Transition / Unlabeled
2023-10-04,156.6,1,156.22857142857143,Transition / Unlabeled
2023-10-05,156.0,1,156.17142857142855,Transition / Unlabeled
2023-10-06,156.0,1,156.08571428571426,Transition / Unlabeled
2023-10-07,154.2,1,155.8857142857143,Transition / Unlabeled
2023-10-08,155.4,1,155.79999999999998,Transition / Unlabeled
2023-10-09,155.4,1,155.6,Transition / Unlabeled
2023-10-10,154.8,1,155.4857142857143,Transition / Unlabeled
2023-10-12,154.4,1,155.17142857142858,Transition / Unlabeled
2023-10-13,153.2,1,154.77142857142857,Transition / Unlabeled
2023-10-14,156.2,1,154.79999999999998,Transition / Unlabeled
2023-10-15,154.6,1,154.85714285714286,Transition / Unlabeled
2023-10-17,153.4,1,154.57142857142858,Transition / Unlabeled
2023-10-18,154.2,1,154.4,Transition / Unlabeled
2023-10-19,153.6,1,154.22857142857143,Transition / Unlabeled
2023-10-20,154.6,1,154.25714285714284,Transition / Unlabeled
2023-10-21,154.2,1,154.4,Transition / Unlabeled
2023-10-22,154.4,1,154.14285714285714,Transition / Unlabeled
2023-10-23,154.2,1,154.08571428571426,Transition / Unlabeled
2023-10-24,155.0,1,154.3142857142857,Transition / Unlabeled
2023-10-25,155.6,1,154.5142857142857,Transition / Unlabeled
2023-10-26,155.0,1,154.71428571428572,Transition / Unlabeled
2023-10-27,154.0,1,154.6285714285714,Transition / Unlabeled
2023-10-29,159.2,1,155.34285714285716,Transition / Unlabeled
2023-10-30,155.6,1,155.5142857142857,Transition / Unlabeled
2023-10-31,154.8,1,155.6,Transition / Unlabeled
2023-11-01,153.6,1,155.4,Transition / Unlabeled
2023-11-02,153.8,1,155.14285714285714,Transition / Unlabeled
2023-11-03,155.2,1,155.17142857142858,Transition / Unlabeled
2023-11-04,155.4,1,155.37142857142857,Transition / Unlabeled
2023-11-05,154.6,1,154.71428571428572,Transition / Unlabeled
2023-11-06,155.0,1,154.62857142857143,Transition / Unlabeled
2023-11-07,153.2,1,154.4,Transition / Unlabeled
2023-11-08,154.8,1,154.57142857142858,Transition / Unlabeled
2023-11-09,154.6,1,154.68571428571428,Transition / Unlabeled
2023-11-10,154.8,1,154.62857142857143,Transition / Unlabeled
2023-11-11,155.4,1,154.6285714285714,Transition / Unlabeled
2023-11-12,155.0,1,154.68571428571428,Transition / Unlabeled
2023-11-13,156.8,1,154.94285714285715,Transition / Unlabeled
2023-11-14,156.0,1,155.34285714285716,Transition / Unlabeled
2023-11-15,156.4,1,155.57142857142858,Transition / Unlabeled
2023-11-16,156.4,1,155.82857142857142,Transition / Unlabeled
2023-11-17,155.8,1,155.9714285714286,Transition / Unlabeled
2023-11-18,157.0,1,156.20000000000002,Transition / Unlabeled
2023-11-19,157.4,1,156.54285714285714,Transition / Unlabeled
2023-11-20,156.6,1,156.51428571428573,Bulk 1 - Estimated
2023-11-21,157.2,1,156.68571428571428,Bulk 1 - Estimated
2023-11-22,155.8,1,156.6,Bulk 1 - Estimated
2023-11-23,156.0,1,156.54285714285714,Bulk 1 - Estimated
2023-11-24,156.6,1,156.65714285714284,Bulk 1 - Estimated
2023-11-25,158.2,1,156.82857142857142,Bulk 1 - Estimated
2023-11-26,158.8,1,157.0285714285714,Bulk 1 - Estimated
2023-11-27,158.0,1,157.22857142857143,Bulk 1 - Estimated
2023-11-28,158.8,1,157.45714285714286,Bulk 1 - Estimated
2023-11-29,159.2,1,157.94285714285712,Bulk 1 - Estimated
2023-11-30,157.6,1,158.17142857142858,Bulk 1 - Estimated
2023-12-01,157.6,1,158.31428571428572,Bulk 1 - Estimated
2023-12-02,156.8,1,158.1142857142857,Bulk 1 - Estimated
2023-12-03,157.2,1,157.8857142857143,Bulk 1 - Estimated
2023-12-04,157.8,1,157.85714285714286,Bulk 1 - Estimated
2023-12-05,157.6,1,157.68571428571428,Bulk 1 - Estimated
2023-12-06,158.4,1,157.57142857142858,Bulk 1 - Estimated
2023-12-07,158.6,1,157.71428571428572,Bulk 1 - Estimated
2023-12-08,159.2,1,157.94285714285715,Bulk 1 - Estimated
2023-12-09,159.6,1,158.34285714285716,Bulk 1 - Estimated
2023-12-10,159.6,2,158.68571428571428,Bulk 1 - Estimated
2023-12-11,159.6,1,158.94285714285712,Bulk 1 - Estimated
2023-12-12,160.0,1,159.28571428571428,Bulk 1 - Estimated
2023-12-13,160.4,1,159.57142857142858,Bulk 1 - Estimated
2023-12-14,160.6,1,159.85714285714286,Bulk 1 - Estimated
2023-12-15,160.4,1,160.02857142857144,Bulk 1 - Estimated
2023-12-16,160.8,1,160.20000000000002,Bulk 1 - Estimated
2023-12-17,161.0,1,160.4,Bulk 1 - Estimated
2023-12-18,158.0,1,160.17142857142858,Bulk 1 - Estimated
2023-12-19,158.0,1,159.8857142857143,Bulk 1 - Estimated
2023-12-20,157.6,1,159.4857142857143,Bulk 1 - Estimated
2023-12-21,157.0,1,158.9714285714286,Bulk 1 - Estimated
2023-12-22,157.6,1,158.57142857142858,Bulk 1 - Estimated
2023-12-23,158.6,1,158.25714285714284,Bulk 1 - Estimated
2023-12-24,155.6,1,157.4857142857143,Bulk 1 - Estimated
2023-12-25,156.2,1,157.22857142857143,Bulk 1 - Estimated
2023-12-26,158.8,1,157.34285714285716,Bulk 1 - Estimated
2023-12-27,158.2,1,157.42857142857142,Bulk 1 - Estimated
2024-01-01,156.2,1,157.31428571428572,Bulk 1 - Estimated
2024-01-02,155.6,1,157.0285714285714,Bulk 1 - Estimated
2024-01-03,156.4,1,156.71428571428572,Bulk 1 - Estimated
2024-01-04,157.6,1,157.0,Bulk 1 - Estimated
2024-01-05,158.0,1,157.25714285714284,Bulk 1 - Estimated
2024-01-06,156.4,1,156.91428571428574,Bulk 1 - Estimated
2024-01-07,157.6,1,156.82857142857142,Bulk 1 - Estimated
2024-01-08,158.0,1,157.08571428571426,Bulk 1 - Estimated
2024-01-09,158.0,1,157.42857142857142,Bulk 1 - Estimated
2024-01-10,159.6,1,157.8857142857143,Bulk 1 - Estimated
2024-01-11,160.0,1,158.22857142857143,Bulk 1 - Estimated
2024-01-12,159.6,1,158.45714285714286,Bulk 1 - Estimated
2024-01-13,158.2,1,158.71428571428572,Bulk 1 - Estimated
2024-01-14,158.6,1,158.85714285714286,Bulk 1 - Estimated
2024-01-15,159.0,1,159.0,Bulk 1 - Estimated
2024-01-16,159.0,1,159.14285714285714,Bulk 1 - Estimated
2024-01-17,158.0,1,158.91428571428568,Bulk 1 - Estimated
2024-01-18,160.0,1,158.91428571428568,Bulk 1 - Estimated
2024-01-19,159.0,1,158.82857142857142,Bulk 1 - Estimated
2024-01-20,159.0,1,158.94285714285712,Bulk 1 - Estimated
2024-01-21,159.2,1,159.02857142857144,Bulk 1 - Estimated
2024-01-22,160.4,1,159.22857142857143,Bulk 1 - Estimated
2024-01-23,160.6,1,159.45714285714286,Bulk 1 - Estimated
2024-01-24,159.8,1,159.71428571428572,Bulk 1 - Estimated
2024-01-25,160.0,1,159.71428571428572,Bulk 1 - Estimated
2024-01-26,159.8,1,159.82857142857142,Bulk 1 - Estimated
2024-01-27,161.0,1,160.1142857142857,Bulk 1 - Estimated
2024-01-28,159.0,1,160.08571428571432,Bulk 1 - Estimated
2024-01-29,160.0,1,160.02857142857144,Bulk 1 - Estimated
2024-01-30,160.4,1,160.0,Bulk 1 - Estimated
2024-01-31,160.2,1,160.05714285714288,Bulk 1 - Estimated
2024-02-01,160.2,1,160.08571428571426,Bulk 1 - Estimated
2024-02-02,160.0,1,160.1142857142857,Bulk 1 - Estimated
2024-02-03,160.8,1,160.08571428571426,Bulk 1 - Estimated
2024-02-04,161.0,1,160.37142857142857,Bulk 1 - Estimated
2024-02-05,162.4,1,160.71428571428572,Bulk 1 - Estimated
2024-02-06,162.2,1,160.97142857142856,Bulk 1 - Estimated
2024-02-07,162.0,1,161.22857142857143,Bulk 1 - Estimated
2024-02-08,162.2,1,161.5142857142857,Bulk 1 - Estimated
2024-02-09,160.4,1,161.57142857142858,Bulk 1 - Estimated
2024-02-10,160.8,1,161.57142857142858,Bulk 1 - Estimated
2024-02-11,159.8,1,161.4,Bulk 1 - Estimated
2024-02-12,161.0,1,161.20000000000002,Bulk 1 - Estimated
2024-02-13,162.2,1,161.20000000000002,Bulk 1 - Estimated
2024-02-14,162.8,1,161.31428571428572,Bulk 1 - Estimated
2024-02-15,162.0,1,161.28571428571428,Bulk 1 - Estimated
2024-02-16,161.8,1,161.4857142857143,Bulk 1 - Estimated
2024-02-17,161.6,1,161.6,Bulk 1 - Estimated
2024-02-18,162.4,1,161.9714285714286,Bulk 1 - Estimated
2024-02-19,163.2,1,162.28571428571428,Bulk 1 - Estimated
2024-02-20,164.2,1,162.57142857142858,Bulk 1 - Estimated
2024-02-21,163.8,1,162.71428571428572,Bulk 1 - Estimated
2024-02-22,163.2,1,162.8857142857143,Bulk 1 - Estimated
2024-02-23,163.0,1,163.05714285714288,Bulk 1 - Estimated
2024-02-24,163.4,1,163.31428571428572,Bulk 1 - Estimated
2024-02-25,163.2,1,163.42857142857142,Bulk 1 - Estimated
2024-02-26,163.2,1,163.42857142857142,Bulk 1 - Estimated
2024-02-27,164.4,1,163.45714285714286,Bulk 1 - Estimated
2024-02-28,162.6,1,163.28571428571428,Bulk 1 - Estimated
2024-02-29,163.4,1,163.31428571428572,Bulk 1 - Estimated
2024-03-01,164.2,1,163.4857142857143,Bulk 1 - Estimated
2024-03-02,165.0,1,163.71428571428572,Bulk 1 - Estimated
2024-03-03,165.0,1,163.97142857142856,Bulk 1 - Estimated
2024-03-04,163.6,1,164.02857142857144,Bulk 1 - Estimated
2024-03-05,165.8,1,164.22857142857143,Bulk 1 - Estimated
2024-03-06,165.8,1,164.68571428571428,Bulk 1 - Estimated
2024-03-07,164.6,1,164.85714285714286,Bulk 1 - Estimated
2024-03-08,164.6,1,164.91428571428574,Bulk 1 - Estimated
2024-03-09,163.6,1,164.71428571428572,Bulk 1 - Estimated
2024-03-10,166.6,1,164.94285714285712,Bulk 1 - Estimated
2024-03-11,164.6,1,165.08571428571426,Bulk 1 - Estimated
2024-03-12,165.2,1,165.0,Bulk 1 - Estimated
2024-03-13,164.6,1,164.82857142857142,Bulk 1 - Estimated
2024-03-14,165.8,1,165.0,Bulk 1 - Estimated
2024-03-15,166.4,1,165.25714285714284,Bulk 1 - Estimated
2024-03-16,165.8,1,165.57142857142858,Bulk 1 - Estimated
2024-03-17,166.2,1,165.5142857142857,Bulk 1 - Estimated
2024-03-18,164.4,1,165.4857142857143,Bulk 1 - Estimated
2024-03-19,165.6,1,165.54285714285714,Bulk 1 - Estimated
2024-03-20,166.4,1,165.79999999999998,Bulk 1 - Estimated
2024-03-21,165.2,1,165.71428571428572,Bulk 1 - Estimated
2024-03-22,166.8,1,165.77142857142854,Bulk 1 - Estimated
2024-03-23,166.8,1,165.91428571428574,Bulk 1 - Estimated
2024-03-24,166.4,1,165.94285714285712,Bulk 1 - Estimated
2024-03-25,167.2,1,166.34285714285716,Bulk 1 - Estimated
2024-03-26,166.8,1,166.51428571428573,Bulk 1 - Estimated
2024-03-27,167.4,1,166.65714285714284,Bulk 1 - Estimated
2024-03-28,166.8,1,166.8857142857143,Bulk 1 - Estimated
2024-03-29,167.0,1,166.91428571428574,Bulk 1 - Estimated
2024-03-30,166.8,1,166.91428571428574,Bulk 1 - Estimated
2024-03-31,167.2,1,167.02857142857144,Bulk 1 - Estimated
2024-04-01,168.2,1,167.17142857142858,Bulk 1 - Estimated
2024-04-02,166.6,1,167.14285714285714,Bulk 1 - Estimated
2024-04-03,166.2,1,166.97142857142856,Bulk 1 - Estimated
2024-04-04,166.4,1,166.91428571428574,Bulk 1 - Estimated
2024-04-05,167.0,1,166.91428571428574,Bulk 1 - Estimated
2024-04-06,168.9,2,167.21428571428572,Bulk 1 - Estimated
2024-04-07,168.2,1,167.35714285714286,Bulk 1 - Estimated
2024-04-08,166.8,1,167.15714285714284,Bulk 1 - Estimated
2024-04-09,166.4,1,167.12857142857143,Bulk 1 - Estimated
2024-04-10,167.8,1,167.35714285714286,Bulk 1 - Estimated
2024-04-11,167.4,1,167.5,Bulk 1 - Estimated
2024-04-12,167.4,1,167.55714285714288,Bulk 1 - Estimated
2024-04-13,167.4,1,167.34285714285716,Bulk 1 - Estimated
2024-04-14,167.6,1,167.25714285714284,Bulk 1 - Estimated
2024-04-15,168.6,1,167.51428571428573,Bulk 1 - Estimated
2024-04-16,168.4,1,167.79999999999998,Bulk 1 - Estimated
2024-04-17,167.8,1,167.8,Bulk 1 - Estimated
2024-04-18,167.6,1,167.82857142857142,Bulk 1 - Estimated
2024-04-19,167.0,1,167.77142857142857,Bulk 1 - Estimated
2024-04-20,169.0,1,168.0,Bulk 1 - Estimated
2024-04-21,166.6,1,167.85714285714286,Bulk 1 - Estimated
2024-04-22,167.8,1,167.74285714285716,Bulk 1 - Estimated
2024-04-23,169.0,1,167.82857142857142,Bulk 1 - Estimated
2024-04-24,167.8,1,167.82857142857142,Bulk 1 - Estimated
2024-04-25,168.4,1,167.94285714285712,Bulk 1 - Estimated
2024-04-26,167.39999999999998,2,168.0,Bulk 1 - Estimated
2024-04-27,168.2,1,167.8857142857143,Bulk 1 - Estimated
2024-04-28,168.6,1,168.17142857142858,Bulk 1 - Estimated
2024-04-29,168.4,1,168.25714285714284,Bulk 1 - Estimated
2024-04-30,168.8,1,168.22857142857143,Bulk 1 - Estimated
2024-05-01,168.2,1,168.28571428571428,Bulk 1 - Estimated
2024-05-02,167.6,1,168.17142857142858,Bulk 1 - Estimated
2024-05-03,166.8,1,168.08571428571426,Bulk 1 - Estimated
2024-05-04,166.6,1,167.85714285714286,Bulk 1 - Estimated
2024-05-05,167.6,1,167.71428571428572,Bulk 1 - Estimated
2024-05-06,167.2,1,167.54285714285714,Bulk 1 - Estimated
2024-05-07,168.0,1,167.42857142857142,Bulk 1 - Estimated
2024-05-08,168.0,1,167.4,Bulk 1 - Estimated
2024-05-09,167.8,1,167.42857142857142,Bulk 1 - Estimated
2024-05-10,169.2,1,167.77142857142854,Bulk 1 - Estimated
2024-05-11,169.6,1,168.20000000000002,Bulk 1 - Estimated
2024-05-12,167.6,1,168.20000000000002,Bulk 1 - Estimated
2024-05-13,167.8,1,168.28571428571428,Bulk 1 - Estimated
2024-05-14,168.4,1,168.34285714285716,Bulk 1 - Estimated
2024-05-15,169.2,1,168.5142857142857,Bulk 1 - Estimated
2024-05-16,170.0,1,168.82857142857142,Bulk 1 - Estimated
2024-05-17,169.0,1,168.79999999999998,Bulk 1 - Estimated
2024-05-18,170.0,1,168.85714285714286,Bulk 1 - Estimated
2024-05-19,168.4,1,168.97142857142856,Bulk 1 - Estimated
2024-05-20,168.2,1,169.02857142857144,Bulk 1 - Estimated
2024-05-21,170.0,1,169.25714285714284,Bulk 1 - Estimated
2024-05-22,169.0,1,169.22857142857143,Bulk 1 - Estimated
2024-05-23,170.0,1,169.22857142857143,Bulk 1 - Estimated
2024-05-24,172.6,1,169.7428571428571,Bulk 1 - Estimated
2024-05-25,170.4,1,169.79999999999998,Bulk 1 - Estimated
2024-05-26,169.8,1,170.0,Bulk 1 - Estimated
2024-05-27,169.8,1,170.22857142857146,Bulk 1 - Estimated
2024-05-28,170.8,1,170.34285714285716,Bulk 1 - Estimated
2024-05-29,171.6,1,170.71428571428572,Bulk 1 - Estimated
2024-05-30,172.4,1,171.05714285714288,Bulk 1 - Estimated
2024-05-31,171.4,1,170.88571428571433,Bulk 1 - Estimated
2024-06-01,171.8,1,171.08571428571432,Bulk 1 - Estimated
2024-06-02,171.2,1,171.28571428571428,Bulk 1 - Estimated
2024-06-03,170.6,1,171.4,Bulk 1 - Estimated
2024-06-04,170.6,1,171.37142857142857,Bulk 1 - Estimated
2024-06-05,171.8,1,171.40000000000003,Bulk 1 - Estimated
2024-06-06,171.8,1,171.31428571428572,Bulk 1 - Estimated
2024-06-07,172.0,1,171.40000000000003,Bulk 1 - Estimated
2024-06-08,172.6,1,171.5142857142857,Bulk 1 - Estimated
2024-06-09,171.8,1,171.6,Bulk 1 - Estimated
2024-06-10,172.0,1,171.79999999999998,Bulk 1 - Estimated
2024-06-11,172.0,1,172.0,Bulk 1 - Estimated
2024-06-12,172.0,1,172.0285714285714,Bulk 1 - Estimated
2024-06-13,172.8,1,172.17142857142858,Bulk 1 - Estimated
2024-06-14,172.6,2,172.25714285714284,Bulk 1 - Estimated
2024-06-15,173.6,1,172.4,Bulk 1 - Estimated
2024-06-16,172.6,1,172.51428571428573,Bulk 1 - Estimated
2024-06-17,172.2,1,172.54285714285717,Bulk 1 - Estimated
2024-06-18,172.8,1,172.65714285714287,Bulk 1 - Estimated
2024-06-19,173.6,1,172.8857142857143,Bulk 1 - Estimated
2024-06-20,173.0,1,172.91428571428568,Bulk 1 - Estimated
2024-06-21,173.0,1,172.97142857142856,Bulk 1 - Estimated
2024-06-22,173.8,1,173.0,Bulk 1 - Estimated
2024-06-23,173.6,1,173.14285714285714,Bulk 1 - Estimated
2024-06-24,173.2,1,173.28571428571428,Bulk 1 - Estimated
2024-06-29,173.4,1,173.37142857142857,Bulk 1 - Estimated
2024-06-30,170.0,1,172.85714285714286,Bulk 1 - Estimated
2024-07-01,171.2,1,172.6,Bulk 1 - Estimated
2024-07-02,171.0,1,172.31428571428572,Bulk 1 - Estimated
2024-07-03,171.8,1,172.02857142857144,Bulk 1 - Estimated
2024-07-04,172.4,1,171.85714285714286,Bulk 1 - Estimated
2024-07-05,172.4,1,171.74285714285716,Bulk 1 - Estimated
2024-07-06,173.6,1,171.77142857142857,Bulk 1 - Estimated
2024-07-07,174.0,1,172.34285714285716,Bulk 1 - Estimated
2024-07-08,172.2,1,172.4857142857143,Bulk 1 - Estimated
2024-07-09,172.6,1,172.71428571428572,Bulk 1 - Estimated
2024-07-10,174.0,1,173.02857142857144,Bulk 1 - Estimated
2024-07-11,174.6,1,173.34285714285713,Bulk 1 - Estimated
2024-07-12,174.6,1,173.65714285714287,Bulk 1 - Estimated
2024-07-13,175.6,1,173.94285714285712,Bulk 1 - Estimated
2024-07-14,175.2,1,174.1142857142857,Bulk 1 - Estimated
2024-07-15,175.4,1,174.57142857142853,Bulk 1 - Estimated
2024-07-16,175.2,1,174.94285714285712,Bulk 1 - Estimated
2024-07-17,175.4,1,175.14285714285714,Bulk 1 - Estimated
2024-07-18,175.2,1,175.22857142857143,Bulk 1 - Estimated
2024-07-19,175.4,1,175.34285714285713,Bulk 1 - Estimated
2024-07-20,176.2,1,175.42857142857142,Bulk 1 - Estimated
2024-07-21,175.6,1,175.48571428571427,Bulk 1 - Estimated
2024-07-22,175.2,1,175.45714285714286,Bulk 1 - Estimated
2024-07-23,175.2,1,175.45714285714286,Bulk 1 - Estimated
2024-07-24,175.6,1,175.48571428571427,Bulk 1 - Estimated
2024-07-25,175.0,1,175.45714285714283,Bulk 1 - Estimated
2024-07-26,175.8,1,175.5142857142857,Bulk 1 - Estimated
2024-07-27,176.0,1,175.48571428571427,Bulk 1 - Estimated
2024-07-28,176.0,1,175.54285714285714,Bulk 1 - Estimated
2024-07-29,174.8,1,175.4857142857143,Bulk 1 - Estimated
2024-07-30,175.2,1,175.48571428571427,Bulk 1 - Estimated
2024-07-31,175.8,1,175.51428571428573,Bulk 1 - Estimated
2024-08-01,175.2,1,175.54285714285714,Bulk 1 - Estimated
2024-08-02,175.2,1,175.45714285714286,Bulk 1 - Estimated
2024-08-05,174.4,1,175.22857142857146,Transition / Unlabeled
2024-08-06,175.4,1,175.14285714285714,Transition / Unlabeled
2024-08-07,175.6,1,175.25714285714284,Transition / Unlabeled
2024-08-08,174.6,1,175.17142857142858,Transition / Unlabeled
2024-08-09,177.2,1,175.37142857142857,Transition / Unlabeled
2024-08-10,177.4,1,175.6857142857143,Transition / Unlabeled
2024-08-11,177.2,1,175.97142857142856,Transition / Unlabeled
2024-08-12,177.0,1,176.34285714285713,Transition / Unlabeled
2024-08-13,176.4,1,176.4857142857143,Transition / Unlabeled
2024-08-14,176.6,1,176.6285714285714,Transition / Unlabeled
2024-08-15,175.6,1,176.77142857142857,Transition / Unlabeled
2024-08-18,172.8,1,176.14285714285714,Transition / Unlabeled
2024-08-19,173.2,1,175.54285714285714,Transition / Unlabeled
2024-08-20,174.4,1,175.14285714285714,Transition / Unlabeled
2024-08-21,174.2,1,174.74285714285716,Transition / Unlabeled
2024-08-22,174.2,1,174.42857142857142,Transition / Unlabeled
2024-08-23,174.6,1,174.14285714285714,Transition / Unlabeled
2024-08-24,174.4,1,173.97142857142856,Transition / Unlabeled
2024-08-25,173.2,1,174.0285714285714,Transition / Unlabeled
2024-08-26,174.4,1,174.2,Cut 1 - Estimated
2024-08-27,175.2,1,174.31428571428572,Cut 1 - Estimated
2024-08-28,174.8,1,174.4,Cut 1 - Estimated
2024-08-29,175.4,1,174.57142857142858,Cut 1 - Estimated
2024-08-30,175.2,1,174.65714285714284,Cut 1 - Estimated
2024-08-31,174.0,1,174.59999999999997,Cut 1 - Estimated
2024-09-01,173.6,1,174.65714285714287,Cut 1 - Estimated
2024-09-02,174.0,1,174.6,Cut 1 - Estimated
2024-09-03,172.8,1,174.25714285714284,Cut 1 - Estimated
2024-09-04,173.2,1,174.02857142857144,Cut 1 - Estimated
2024-09-05,173.6,1,173.77142857142854,Cut 1 - Estimated
2024-09-06,173.8,1,173.57142857142858,Cut 1 - Estimated
2024-09-07,173.2,1,173.45714285714283,Cut 1 - Estimated
2024-09-08,172.0,1,173.22857142857143,Cut 1 - Estimated
2024-09-09,171.8,1,172.91428571428574,Cut 1 - Estimated
2024-09-10,172.6,1,172.8857142857143,Cut 1 - Estimated
2024-09-11,171.2,1,172.6,Cut 1 - Estimated
2024-09-12,172.8,1,172.4857142857143,Cut 1 - Estimated
2024-09-13,172.6,1,172.3142857142857,Cut 1 - Estimated
2024-09-14,172.2,1,172.17142857142858,Cut 1 - Estimated
2024-09-15,171.2,1,172.05714285714288,Cut 1 - Estimated
2024-09-16,172.6,1,172.17142857142855,Cut 1 - Estimated
2024-09-17,170.8,1,171.91428571428568,Cut 1 - Estimated
2024-09-18,170.6,1,171.82857142857142,Cut 1 - Estimated
2024-09-19,172.2,1,171.7428571428571,Cut 1 - Estimated
2024-09-20,171.8,1,171.62857142857143,Cut 1 - Estimated
2024-09-21,171.2,1,171.4857142857143,Cut 1 - Estimated
2024-09-22,170.2,1,171.34285714285713,Cut 1 - Estimated
2024-09-23,170.4,1,171.02857142857144,Cut 1 - Estimated
2024-09-24,170.6,1,171.0,Cut 1 - Estimated
2024-09-25,170.0,1,170.91428571428568,Cut 1 - Estimated
2024-09-26,170.6,1,170.68571428571428,Cut 1 - Estimated
2024-09-27,170.4,1,170.48571428571427,Cut 1 - Estimated
2024-09-28,170.6,1,170.4,Cut 1 - Estimated
2024-09-29,170.6,1,170.45714285714283,Cut 1 - Estimated
2024-09-30,169.6,1,170.34285714285713,Cut 1 - Estimated
2024-10-01,170.4,1,170.31428571428572,Cut 1 - Estimated
2024-10-02,169.8,1,170.28571428571428,Cut 1 - Estimated
2024-10-03,170.8,1,170.31428571428572,Cut 1 - Estimated
2024-10-04,170.2,1,170.28571428571428,Cut 1 - Estimated
2024-10-05,169.2,1,170.08571428571426,Cut 1 - Estimated
2024-10-06,168.8,1,169.82857142857142,Cut 1 - Estimated
2024-10-07,168.6,1,169.68571428571428,Cut 1 - Estimated
2024-10-08,168.8,1,169.45714285714286,Cut 1 - Estimated
2024-10-09,167.8,1,169.17142857142858,Cut 1 - Estimated
2024-10-10,167.8,1,168.74285714285716,Cut 1 - Estimated
2024-10-11,168.2,1,168.45714285714286,Cut 1 - Estimated
2024-10-12,167.6,1,168.22857142857143,Cut 1 - Estimated
2024-10-13,167.8,1,168.08571428571432,Cut 1 - Estimated
2024-10-14,165.8,1,167.6857142857143,Cut 1 - Estimated
2024-10-15,165.8,1,167.25714285714284,Cut 1 - Estimated
2024-10-16,166.2,1,167.02857142857144,Cut 1 - Estimated
2024-10-17,166.4,1,166.82857142857142,Cut 1 - Estimated
2024-10-18,167.4,1,166.71428571428572,Cut 1 - Estimated
2024-10-19,167.2,1,166.65714285714284,Cut 1 - Estimated
2024-10-20,165.4,1,166.31428571428572,Cut 1 - Estimated
2024-10-21,166.4,1,166.4,Cut 1 - Estimated
2024-10-22,166.4,1,166.4857142857143,Cut 1 - Estimated
2024-10-23,166.2,1,166.4857142857143,Cut 1 - Estimated
2024-10-24,166.6,1,166.5142857142857,Cut 1 - Estimated
2024-10-25,166.8,1,166.42857142857142,Cut 1 - Estimated
2024-10-26,166.2,1,166.28571428571428,Cut 1 - Estimated
2024-10-27,165.4,1,166.28571428571428,Cut 1 - Estimated
2024-10-28,165.8,1,166.2,Cut 1 - Estimated
2024-10-29,165.0,1,166.0,Cut 1 - Estimated
2024-10-30,165.4,1,165.8857142857143,Cut 1 - Estimated
2024-10-31,165.0,1,165.65714285714284,Cut 1 - Estimated
2024-11-01,165.2,1,165.42857142857142,Cut 1 - Estimated
2024-11-02,165.4,1,165.31428571428572,Cut 1 - Estimated
2024-11-04,167.7,4,165.64285714285714,Cut 1 - Estimated
2024-11-05,165.8,1,165.64285714285714,Cut 1 - Estimated
2024-11-06,165.4,1,165.70000000000002,Cut 1 - Estimated
2024-11-07,165.2,1,165.67142857142858,Cut 1 - Estimated
2024-11-08,165.8,1,165.78571428571428,Cut 1 - Estimated
2024-11-09,165.8,1,165.87142857142857,Cut 1 - Estimated
2024-11-10,165.2,1,165.84285714285716,Cut 1 - Estimated
2024-11-11,164.4,1,165.3714285714286,Cut 1 - Estimated
2024-11-12,164.2,1,165.14285714285714,Cut 1 - Estimated
2024-11-13,164.6,1,165.02857142857144,Cut 1 - Estimated
2024-11-14,164.0,1,164.85714285714286,Cut 1 - Estimated
2024-11-15,163.0,1,164.45714285714286,Cut 1 - Estimated
2024-11-16,164.86666666666667,3,164.32380952380953,Cut 1 - Estimated
2024-11-17,164.8,1,164.26666666666668,Cut 1 - Estimated
2024-11-18,164.4,1,164.26666666666668,Cut 1 - Estimated
2024-11-19,163.6,1,164.1809523809524,Cut 1 - Estimated
2024-11-20,164.60000000000002,2,164.18095238095242,Cut 1 - Estimated
2024-11-21,164.0,1,164.18095238095242,Cut 1 - Estimated
2024-11-22,164.4,1,164.38095238095238,Cut 1 - Estimated
2024-11-23,164.0,1,164.25714285714284,Cut 1 - Estimated
2024-11-24,163.6,1,164.08571428571426,Cut 1 - Estimated
2024-11-25,163.4,1,163.94285714285715,Cut 1 - Estimated
2024-11-26,162.4,1,163.77142857142857,Cut 1 - Estimated
2024-11-27,163.2,1,163.57142857142858,Cut 1 - Estimated
2024-11-28,162.4,1,163.34285714285716,Cut 1 - Estimated
2024-11-29,162.4,1,163.05714285714288,Cut 1 - Estimated
2024-11-30,163.4,1,162.97142857142856,Cut 1 - Estimated
2024-12-01,162.4,1,162.79999999999998,Cut 1 - Estimated
2024-12-02,162.6,1,162.68571428571428,Cut 1 - Estimated
2024-12-03,163.4,1,162.82857142857142,Cut 1 - Estimated
2024-12-04,162.4,1,162.71428571428572,Cut 1 - Estimated
2024-12-05,162.6,1,162.74285714285716,Cut 1 - Estimated
2024-12-06,162.6,1,162.77142857142854,Cut 1 - Estimated
2024-12-07,162.0,1,162.57142857142858,Cut 1 - Estimated
2024-12-08,163.2,1,162.68571428571428,Cut 1 - Estimated
2024-12-09,160.5,2,162.3857142857143,Cut 1 - Estimated
2024-12-10,161.8,1,162.15714285714284,Cut 1 - Estimated
2024-12-11,161.8,1,162.07142857142858,Cut 1 - Estimated
2024-12-12,161.8,1,161.95714285714286,Cut 1 - Estimated
2024-12-13,162.2,1,161.9,Cut 1 - Estimated
2024-12-14,161.8,1,161.87142857142857,Cut 1 - Estimated
2024-12-15,162.0,1,161.70000000000002,Cut 1 - Estimated
2024-12-16,162.4,1,161.9714285714286,Transition / Unlabeled
2024-12-17,161.4,1,161.91428571428574,Transition / Unlabeled
2024-12-18,162.2,1,161.97142857142856,Transition / Unlabeled
2024-12-19,162.8,1,162.1142857142857,Transition / Unlabeled
2024-12-20,163.6,2,162.31428571428572,Transition / Unlabeled
2024-12-21,162.4,1,162.4,Transition / Unlabeled
2024-12-22,162.0,1,162.4,Transition / Unlabeled
2024-12-23,162.8,1,162.45714285714286,Transition / Unlabeled
2024-12-24,162.6,1,162.62857142857143,Transition / Unlabeled
2024-12-26,162.6,1,162.68571428571428,Transition / Unlabeled
2024-12-29,162.2,1,162.6,Transition / Unlabeled
2024-12-30,161.2,1,162.25714285714284,Transition / Unlabeled
2024-12-31,160.0,1,161.91428571428574,Transition / Unlabeled
2025-01-01,160.4,1,161.68571428571428,Transition / Unlabeled
2025-01-02,161.4,1,161.48571428571427,Transition / Unlabeled
2025-01-03,161.0,2,161.25714285714284,Transition / Unlabeled
2025-01-04,161.0,1,161.02857142857144,Transition / Unlabeled
2025-01-07,157.6,1,160.37142857142857,Transition / Unlabeled
2025-01-08,156.6,1,159.71428571428572,Transition / Unlabeled
2025-01-09,157.6,1,159.37142857142857,Transition / Unlabeled
2025-01-10,157.4,1,158.94285714285712,Transition / Unlabeled
2025-01-11,156.0,2,158.17142857142858,Transition / Unlabeled
2025-01-12,155.6,1,157.4,Transition / Unlabeled
2025-01-13,157.2,1,156.85714285714286,Transition / Unlabeled
2025-01-14,158.4,1,156.97142857142856,Transition / Unlabeled
2025-01-15,158.8,1,157.28571428571428,Transition / Unlabeled
2025-01-16,158.6,1,157.42857142857142,Transition / Unlabeled
2025-01-17,159.0,1,157.65714285714284,Transition / Unlabeled
2025-01-18,159.6,1,158.17142857142858,Transition / Unlabeled
2025-01-19,157.8,2,158.4857142857143,Transition / Unlabeled
2025-01-20,158.8,1,158.71428571428572,Transition / Unlabeled
2025-01-21,158.8,1,158.77142857142857,Transition / Unlabeled
2025-01-22,159.2,1,158.82857142857142,Transition / Unlabeled
2025-01-23,158.2,2,158.77142857142857,Transition / Unlabeled
2025-01-24,160.0,1,158.91428571428574,Transition / Unlabeled
2025-01-25,159.8,1,158.94285714285712,Transition / Unlabeled
2025-01-26,158.8,1,159.08571428571432,Transition / Unlabeled
2025-01-27,159.0,1,159.1142857142857,Transition / Unlabeled
2025-01-28,159.2,1,159.17142857142858,Transition / Unlabeled
2025-01-29,160.2,1,159.31428571428572,Transition / Unlabeled
2025-01-30,159.6,1,159.5142857142857,Transition / Unlabeled
2025-01-31,160.8,1,159.62857142857143,Transition / Unlabeled
2025-02-01,160.4,1,159.71428571428572,Bulk 2
2025-02-02,159.8,1,159.85714285714286,Bulk 2
2025-02-03,160.2,1,160.02857142857144,Bulk 2
2025-02-04,160.6,2,160.22857142857143,Bulk 2
2025-02-05,161.0,1,160.34285714285716,Bulk 2
2025-02-06,161.4,2,160.6,Bulk 2
2025-02-07,161.6,1,160.71428571428572,Bulk 2
2025-02-08,161.8,1,160.91428571428574,Bulk 2
2025-02-09,162.6,1,161.31428571428572,Bulk 2
2025-02-10,160.2,1,161.31428571428572,Bulk 2
2025-02-11,161.4,1,161.42857142857142,Bulk 2
2025-02-12,161.6,1,161.51428571428573,Bulk 2
2025-02-13,161.8,1,161.57142857142858,Bulk 2
2025-02-14,161.6,3,161.57142857142858,Bulk 2
2025-02-15,162.2,1,161.62857142857143,Bulk 2
2025-02-16,161.0,1,161.4,Bulk 2
2025-02-17,163.2,2,161.82857142857142,Bulk 2
2025-02-18,161.4,2,161.82857142857142,Bulk 2
2025-02-19,161.8,1,161.85714285714286,Bulk 2
2025-02-20,162.6,1,161.97142857142856,Bulk 2
2025-02-21,163.4,1,162.22857142857146,Bulk 2
2025-02-22,161.8,1,162.17142857142858,Bulk 2
2025-02-23,162.2,1,162.34285714285716,Bulk 2
2025-02-24,162.2,1,162.2,Bulk 2
2025-02-25,162.4,1,162.34285714285716,Bulk 2
2025-02-26,163.2,1,162.54285714285714,Bulk 2
2025-02-27,162.6,1,162.54285714285714,Bulk 2
2025-02-28,163.4,1,162.54285714285714,Bulk 2
2025-03-01,163.2,1,162.7428571428571,Bulk 2
2025-03-02,162.6,2,162.79999999999998,Bulk 2
2025-03-03,163.0,1,162.91428571428568,Bulk 2
2025-03-04,163.6,2,163.08571428571426,Bulk 2
2025-03-05,163.4,1,163.1142857142857,Bulk 2
2025-03-06,163.6,1,163.25714285714284,Bulk 2
2025-03-08,163.4,1,163.25714285714284,Bulk 2
2025-03-10,163.4,1,163.28571428571428,Bulk 2
2025-03-11,163.6,1,163.42857142857142,Bulk 2
2025-03-12,163.8,1,163.54285714285714,Bulk 2
2025-03-13,163.6,1,163.54285714285717,Bulk 2
2025-03-14,165.0,1,163.77142857142857,Bulk 2
2025-03-15,163.6,1,163.77142857142857,Bulk 2
2025-03-16,163.6,1,163.79999999999998,Bulk 2
2025-03-17,164.2,1,163.91428571428574,Bulk 2
2025-03-18,165.0,1,164.1142857142857,Bulk 2
2025-03-19,164.0,1,164.14285714285714,Bulk 2
2025-03-20,164.6,1,164.28571428571428,Bulk 2
2025-03-21,165.4,1,164.34285714285716,Bulk 2
2025-03-22,163.2,1,164.28571428571428,Bulk 2
2025-03-23,164.0,1,164.34285714285716,Bulk 2
2025-03-24,165.2,1,164.4857142857143,Bulk 2
2025-03-25,164.0,1,164.34285714285716,Bulk 2
2025-03-26,164.4,1,164.4,Bulk 2
2025-03-27,164.4,1,164.37142857142857,Bulk 2
2025-03-28,165.2,2,164.34285714285716,Bulk 2
2025-03-29,163.8,1,164.42857142857142,Bulk 2
2025-03-30,163.8,1,164.4,Bulk 2
2025-03-31,164.4,1,164.28571428571428,Bulk 2
2025-04-01,164.8,1,164.4,Bulk 2
2025-04-02,163.6,2,164.28571428571428,Bulk 2
2025-04-03,165.4,1,164.42857142857142,Bulk 2
2025-04-04,164.8,1,164.3714285714286,Bulk 2
2025-04-05,165.4,1,164.6,Bulk 2
2025-04-06,164.4,1,164.68571428571428,Bulk 2
2025-04-07,163.6,1,164.57142857142858,Bulk 2
2025-04-08,165.4,1,164.65714285714284,Bulk 2
2025-04-09,165.6,1,164.94285714285715,Bulk 2
2025-04-10,165.4,1,164.94285714285712,Bulk 2
2025-04-11,165.6,1,165.05714285714288,Bulk 2
2025-04-12,165.2,1,165.0285714285714,Bulk 2
2025-04-13,165.6,1,165.2,Bulk 2
2025-04-14,166.8,1,165.65714285714287,Bulk 2
2025-04-15,166.8,1,165.85714285714286,Bulk 2
2025-04-16,167.4,1,166.11428571428573,Bulk 2
2025-04-17,167.6,1,166.42857142857142,Bulk 2
2025-04-18,166.2,1,166.51428571428573,Bulk 2
2025-04-19,166.6,1,166.71428571428572,Bulk 2
2025-04-20,166.6,2,166.85714285714286,Bulk 2
2025-04-21,166.8,1,166.85714285714286,Bulk 2
2025-04-22,167.4,2,166.94285714285712,Bulk 2
2025-04-23,166.2,2,166.77142857142857,Bulk 2
2025-04-24,166.8,1,166.65714285714284,Bulk 2
2025-04-25,166.6,1,166.71428571428572,Bulk 2
2025-04-26,165.4,1,166.54285714285714,Bulk 2
2025-04-27,166.2,1,166.4857142857143,Bulk 2
2025-04-28,166.2,2,166.4,Bulk 2
2025-04-29,167.4,2,166.4,Bulk 2
2025-04-30,165.8,1,166.34285714285716,Bulk 2
2025-05-01,167.2,1,166.4,Bulk 2
2025-05-02,166.2,1,166.34285714285716,Bulk 2
2025-05-03,166.4,1,166.48571428571427,Bulk 2
2025-05-05,165.5,2,166.3857142857143,Bulk 2
2025-05-06,165.8,1,166.32857142857142,Bulk 2
2025-05-07,165.4,2,166.04285714285714,Bulk 2
2025-05-08,166.2,1,166.1,Bulk 2
2025-05-09,166.6,1,166.0142857142857,Bulk 2
2025-05-10,166.6,1,166.07142857142858,Bulk 2
2025-05-11,166.2,1,166.04285714285714,Bulk 2
2025-05-12,166.0,1,166.1142857142857,Bulk 2
2025-05-13,166.6,1,166.22857142857143,Bulk 2
2025-05-14,166.8,1,166.42857142857142,Bulk 2
2025-05-15,166.6,1,166.48571428571427,Bulk 2
2025-05-16,166.6,1,166.4857142857143,Bulk 2
2025-05-17,166.8,1,166.5142857142857,Bulk 2
2025-05-18,165.6,1,166.42857142857142,Bulk 2
2025-05-19,166.2,1,166.45714285714286,Bulk 2
2025-05-20,168.4,1,166.71428571428572,Bulk 2
2025-05-21,167.8,1,166.85714285714286,Bulk 2
2025-05-22,167.6,2,167.0,Bulk 2
2025-05-23,167.4,1,167.11428571428573,Bulk 2
2025-05-24,167.6,2,167.22857142857143,Bulk 2
2025-05-25,166.4,1,167.34285714285716,Bulk 2
2025-05-26,168.0,1,167.6,Bulk 2
2025-05-27,168.2,1,167.57142857142858,Bulk 2
2025-05-28,168.6,1,167.68571428571428,Bulk 2
2025-05-29,167.6,1,167.68571428571428,Bulk 2
2025-05-30,166.8,1,167.6,Bulk 2
2025-06-01,167.8,1,167.62857142857143,Bulk 2
2025-06-02,167.8,1,167.82857142857142,Bulk 2
2025-06-03,167.8,1,167.79999999999998,Bulk 2
2025-06-04,168.2,1,167.79999999999998,Bulk 2
2025-06-05,168.8,1,167.82857142857145,Bulk 2
2025-06-06,169.4,1,168.08571428571432,Bulk 2
2025-06-07,170.0,1,168.54285714285717,Bulk 2
2025-06-08,169.8,1,168.82857142857142,Bulk 2
2025-06-09,168.6,1,168.94285714285715,Bulk 2
2025-06-10,169.8,1,169.22857142857143,Bulk 2
2025-06-11,169.6,1,169.42857142857142,Bulk 2
2025-06-12,170.4,1,169.65714285714284,Bulk 2
2025-06-13,169.6,1,169.68571428571428,Bulk 2
2025-06-14,169.2,1,169.57142857142858,Bulk 2
2025-06-15,167.4,1,169.22857142857143,Bulk 2
2025-06-17,169.6,2,169.3714285714286,Bulk 2
2025-06-18,170.2,1,169.42857142857142,Bulk 2
2025-06-19,169.4,1,169.4,Bulk 2
2025-06-20,169.4,2,169.25714285714284,Bulk 2
2025-06-21,169.4,1,169.22857142857143,Bulk 2
2025-06-22,168.2,1,169.08571428571426,Bulk 2
2025-06-23,169.2,1,169.34285714285713,Bulk 2
2025-06-24,168.8,1,169.22857142857143,Bulk 2
2025-06-25,169.2,1,169.08571428571426,Bulk 2
2025-06-26,170.0,1,169.17142857142858,Bulk 2
2025-06-27,170.4,1,169.31428571428572,Bulk 2
2025-06-28,171.2,1,169.57142857142858,Bulk 2
2025-06-29,170.6,1,169.91428571428574,Bulk 2
2025-06-30,169.6,1,169.97142857142856,Bulk 2
2025-07-01,170.0,1,170.14285714285714,Bulk 2
2025-07-02,170.6,1,170.34285714285713,Bulk 2
2025-07-03,171.8,1,170.59999999999997,Bulk 2
2025-07-04,170.8,1,170.65714285714284,Bulk 2
2025-07-05,171.6,1,170.71428571428572,Bulk 2
2025-07-06,170.4,1,170.6857142857143,Bulk 2
2025-07-07,170.6,1,170.82857142857142,Bulk 2
2025-07-08,171.2,1,171.0,Bulk 2
2025-07-09,170.2,1,170.94285714285715,Bulk 2
2025-07-10,171.2,1,170.85714285714286,Bulk 2
2025-07-11,171.6,1,170.97142857142856,Bulk 2
2025-07-12,172.4,1,171.08571428571426,Bulk 2
2025-07-13,171.4,1,171.22857142857143,Bulk 2
2025-07-14,170.6,1,171.22857142857143,Bulk 2
2025-07-15,171.4,1,171.25714285714284,Bulk 2
2025-07-16,171.6,1,171.45714285714283,Bulk 2
2025-07-17,172.0,1,171.57142857142858,Bulk 2
2025-07-18,171.0,1,171.48571428571427,Bulk 2
2025-07-19,173.2,1,171.6,Bulk 2
2025-07-20,171.6,1,171.62857142857143,Bulk 2
2025-07-21,172.4,1,171.8857142857143,Bulk 2
2025-07-22,173.0,1,172.1142857142857,Bulk 2
2025-07-23,172.8,1,172.28571428571428,Bulk 2
2025-07-24,172.8,1,172.40000000000003,Bulk 2
2025-07-25,173.4,1,172.74285714285716,Bulk 2
2025-07-26,174.8,2,172.9714285714286,Bulk 2
2025-07-27,174.2,1,173.34285714285716,Bulk 2
2025-07-28,173.0,1,173.42857142857142,Bulk 2
2025-07-29,173.6,1,173.51428571428573,Bulk 2
2025-07-30,174.4,1,173.74285714285716,Bulk 2
2025-07-31,173.6,1,173.85714285714286,Bulk 2
2025-08-09,174.8,1,174.05714285714288,Bulk 2
2025-08-10,170.8,1,173.48571428571427,Bulk 2
2025-08-11,171.0,1,173.02857142857144,Bulk 2
2025-08-12,171.2,1,172.77142857142857,Bulk 2
2025-08-15,170.0,1,172.25714285714284,Bulk 2
2025-08-16,170.0,1,171.62857142857143,Bulk 2
2025-08-17,170.8,1,171.22857142857143,Bulk 2
2025-08-18,170.0,1,170.54285714285714,Bulk 2
2025-08-19,170.0,1,170.42857142857142,Bulk 2
2025-08-20,172.0,1,170.57142857142858,Bulk 2
2025-08-21,172.8,1,170.79999999999998,Bulk 2
2025-08-22,172.8,1,171.20000000000002,Bulk 2
2025-08-23,174.2,1,171.79999999999998,Bulk 2
2025-08-24,173.2,1,172.14285714285714,Bulk 2
2025-08-25,172.8,1,172.54285714285714,Bulk 2
2025-08-26,173.6,3,173.05714285714288,Bulk 2
2025-08-27,174.2,1,173.37142857142857,Bulk 2
2025-08-28,174.6,1,173.62857142857143,Bulk 2
2025-08-29,174.2,1,173.82857142857142,Bulk 2
2025-08-30,175.8,1,174.05714285714288,Bulk 2
2025-08-31,174.2,1,174.20000000000002,Bulk 2
2025-09-01,173.6,1,174.31428571428572,Bulk 2
2025-09-02,173.8,2,174.34285714285713,Bulk 2
2025-09-03,174.8,2,174.42857142857142,Bulk 2
2025-09-04,175.2,1,174.5142857142857,Bulk 2
2025-09-05,175.2,1,174.65714285714284,Bulk 2
2025-09-06,176.0,1,174.68571428571428,Bulk 2
2025-09-07,175.8,1,174.91428571428568,Bulk 2
2025-09-08,175.0,1,175.1142857142857,Bulk 2
2025-09-09,174.8,1,175.2571428571429,Bulk 2
2025-09-10,175.8,1,175.4,Bulk 2
2025-09-11,177.2,1,175.6857142857143,Bulk 2
2025-09-12,177.6,1,176.02857142857144,Bulk 2
2025-09-13,175.8,1,176.0,Bulk 2
2025-09-14,174.8,1,175.85714285714286,Bulk 2
2025-09-15,174.8,1,175.82857142857145,Bulk 2
2025-09-16,175.2,1,175.88571428571427,Bulk 2
2025-09-17,176.0,1,175.91428571428568,Bulk 2
2025-09-18,175.4,1,175.65714285714284,Bulk 2
2025-09-19,177.0,1,175.57142857142858,Bulk 2
2025-09-20,176.6,1,175.68571428571428,Bulk 2
2025-09-21,174.8,1,175.6857142857143,Bulk 2
2025-09-22,176.0,1,175.85714285714286,Bulk 2
2025-09-23,177.0,1,176.11428571428573,Bulk 2
2025-09-24,175.0,1,175.9714285714286,Bulk 2
2025-09-25,175.2,1,175.94285714285712,Bulk 2
2025-09-26,177.4,1,176.0,Bulk 2
2025-09-27,175.2,2,175.8,Bulk 2
2025-09-28,175.8,2,175.94285714285712,Bulk 2
2025-09-29,176.2,1,175.97142857142856,Bulk 2
2025-09-30,176.2,1,175.85714285714286,Bulk 2
2025-10-01,176.2,1,176.0285714285714,Bulk 2
2025-10-02,176.2,1,176.17142857142858,Bulk 2
2025-10-03,176.4,1,176.02857142857144,Bulk 2
2025-10-04,177.2,1,176.3142857142857,Bulk 2
2025-10-05,176.2,1,176.37142857142857,Bulk 2
2025-10-06,175.4,1,176.25714285714284,Bulk 2
2025-10-07,177.2,1,176.39999999999995,Bulk 2
2025-10-08,176.4,1,176.42857142857142,Bulk 2
2025-10-09,177.2,1,176.57142857142858,Bulk 2
2025-10-10,176.2,1,176.54285714285714,Bulk 2
2025-10-11,178.2,1,176.68571428571428,Bulk 2
2025-10-12,177.8,1,176.91428571428574,Bulk 2
2025-10-13,176.2,1,177.0285714285714,Bulk 2
2025-10-14,177.4,1,177.05714285714288,Bulk 2
2025-10-15,176.2,1,177.02857142857144,Bulk 2
2025-10-16,176.6,1,176.94285714285712,Bulk 2
2025-10-17,177.6,1,177.14285714285714,Bulk 2
2025-10-18,177.8,1,177.08571428571432,Bulk 2
2025-10-19,177.2,1,177.0,Bulk 2
2025-10-20,176.6,1,177.05714285714288,Bulk 2
2025-10-21,177.0,1,177.0,Bulk 2
2025-10-22,178.0,1,177.25714285714284,Bulk 2
2025-10-23,177.6,1,177.4,Bulk 2
2025-10-24,177.0,1,177.3142857142857,Bulk 2
2025-10-25,178.2,1,177.37142857142857,Bulk 2
2025-10-26,176.6,1,177.28571428571428,Bulk 2
2025-10-27,176.6,1,177.28571428571428,Bulk 2
2025-10-28,177.6,1,177.37142857142857,Bulk 2
2025-10-29,176.8,1,177.2,Bulk 2
2025-10-30,177.4,1,177.17142857142858,Bulk 2
2025-10-31,177.2,1,177.20000000000002,Bulk 2
2025-11-01,178.0,1,177.17142857142858,Bulk 2
2025-11-02,178.2,1,177.40000000000003,Bulk 2
2025-11-03,177.4,2,177.5142857142857,Bulk 2
2025-11-04,177.2,1,177.45714285714286,Bulk 2
2025-11-05,177.6,1,177.57142857142858,Bulk 2
2025-11-06,177.4,1,177.57142857142858,Bulk 2
2025-11-07,179.2,1,177.85714285714286,Bulk 2
2025-11-08,178.4,1,177.91428571428568,Bulk 2
2025-11-09,178.6,1,177.97142857142856,Bulk 2
2025-11-10,177.2,1,177.94285714285712,Bulk 2
2025-11-11,177.4,1,177.97142857142856,Bulk 2
2025-11-12,177.2,1,177.91428571428574,Bulk 2
2025-11-13,177.8,1,177.97142857142856,Bulk 2
2025-11-14,178.0,2,177.79999999999998,Bulk 2
2025-11-15,177.8,1,177.71428571428572,Bulk 2
2025-11-16,177.8,2,177.59999999999997,Bulk 2
2025-11-17,177.0,1,177.57142857142858,Bulk 2
2025-11-18,177.6,1,177.6,Bulk 2
2025-11-19,178.2,1,177.74285714285716,Bulk 2
2025-11-20,177.2,1,177.65714285714284,Bulk 2
2025-11-21,176.2,1,177.4,Bulk 2
2025-11-22,176.8,1,177.25714285714284,Bulk 2
2025-11-23,176.6,1,177.08571428571432,Bulk 2
2025-11-24,175.8,1,176.91428571428568,Bulk 2
2025-11-25,177.2,1,176.85714285714286,Bulk 2
2025-11-26,176.2,1,176.57142857142858,Bulk 2
2025-11-27,177.4,1,176.6,Bulk 2
2025-11-28,176.4,1,176.62857142857143,Bulk 2
2025-11-29,177.0,1,176.65714285714287,Bulk 2
2025-11-30,177.0,1,176.71428571428572,Bulk 2
2025-12-01,177.0,1,176.8857142857143,Bulk 2
2025-12-02,177.0,1,176.85714285714286,Bulk 2
2025-12-03,176.4,1,176.8857142857143,Bulk 2
2025-12-04,176.8,1,176.8,Bulk 2
2025-12-05,177.0,1,176.8857142857143,Bulk 2
2025-12-06,177.6,1,176.97142857142856,Bulk 2
2025-12-07,177.2,1,177.0,Bulk 2
2025-12-08,177.0,1,177.0,Bulk 2
2025-12-09,177.8,1,177.1142857142857,Bulk 2
2025-12-10,178.2,1,177.3714285714286,Bulk 2
2025-12-18,173.2,1,176.85714285714286,Bulk 2
2025-12-19,174.8,1,176.54285714285714,Bulk 2
2025-12-20,175.4,1,176.22857142857143,Bulk 2
2025-12-21,174.8,1,175.8857142857143,Bulk 2
2025-12-22,173.2,1,175.34285714285713,Bulk 2
2025-12-23,174.8,1,174.91428571428574,Bulk 2
2025-12-24,175.0,1,174.45714285714286,Bulk 2
2025-12-25,176.0,1,174.85714285714286,Bulk 2
2025-12-26,175.2,1,174.91428571428568,Bulk 2
2025-12-30,171.4,2,174.34285714285716,Bulk 2
2025-12-31,172.8,1,174.05714285714285,Bulk 2
2026-01-01,171.8,1,173.85714285714286,Bulk 2
2026-01-02,174.2,1,173.77142857142854,Bulk 2
2026-01-03,173.2,1,173.5142857142857,Bulk 2
2026-01-11,177.4,1,173.71428571428572,Bulk 2
2026-01-12,172.2,1,173.28571428571428,Bulk 2
2026-01-13,173.6,1,173.6,Bulk 2
2026-01-14,174.0,1,173.77142857142857,Bulk 2
2026-01-15,174.4,1,174.1428571428571,Bulk 2
2026-01-16,174.0,1,174.1142857142857,Bulk 2
2026-01-17,175.2,1,174.4,Bulk 2
2026-01-18,175.0,1,174.05714285714285,Bulk 2
2026-01-19,175.4,1,174.51428571428573,Bulk 2
2026-01-20,175.8,1,174.82857142857142,Bulk 2
2026-01-21,175.4,1,175.02857142857144,Bulk 2
2026-01-22,174.8,1,175.08571428571432,Bulk 2
2026-01-23,175.2,1,175.2571428571429,Bulk 2
2026-01-24,176.2,1,175.4,Bulk 2
2026-01-25,175.8,1,175.51428571428573,Bulk 2
2026-01-26,176.0,1,175.6,Bulk 2
2026-01-27,176.0,1,175.62857142857143,Bulk 2
2026-01-28,176.4,1,175.77142857142854,Bulk 2
2026-01-29,176.2,1,175.97142857142856,Bulk 2
2026-01-30,177.0,1,176.22857142857143,Bulk 2
2026-01-31,178.6,1,176.57142857142858,Bulk 2
2026-02-01,177.0,1,176.7428571428571,Bulk 2
2026-02-02,176.2,1,176.77142857142854,Bulk 2
2026-02-03,177.6,1,177.0,Bulk 2
2026-02-04,177.8,1,177.20000000000002,Bulk 2
2026-02-05,177.8,1,177.42857142857142,Bulk 2
2026-02-06,178.6,1,177.65714285714284,Bulk 2
2026-02-07,178.4,1,177.62857142857143,Bulk 2
2026-02-08,178.4,2,177.82857142857145,Bulk 2
2026-02-09,178.4,1,178.14285714285714,Bulk 2
2026-02-10,178.2,1,178.22857142857146,Bulk 2
2026-02-11,178.6,1,178.34285714285713,Bulk 2
2026-02-12,179.0,1,178.5142857142857,Bulk 2
2026-02-13,178.6,2,178.51428571428573,Bulk 2
2026-02-14,179.0,1,178.6,Bulk 2
2026-02-15,178.2,1,178.57142857142858,Bulk 2
2026-02-16,178.4,1,178.57142857142858,Bulk 2
2026-02-17,177.6,2,178.4857142857143,Bulk 2
2026-02-18,179.4,1,178.6,Bulk 2
2026-02-19,179.4,1,178.65714285714287,Bulk 2
2026-02-20,179.8,1,178.82857142857142,Bulk 2
2026-02-21,180.0,1,178.97142857142856,Bulk 2
2026-02-22,180.2,1,179.25714285714284,Bulk 2
2026-02-23,178.6,1,179.28571428571428,Bulk 2
2026-02-24,179.6,1,179.57142857142858,Bulk 2
2026-02-25,179.6,1,179.6,Bulk 2
2026-02-26,180.2,1,179.71428571428572,Bulk 2
2026-02-27,180.2,1,179.77142857142854,Bulk 2
2026-02-28,181.0,2,179.91428571428568,Bulk 2
2026-03-02,180.6,1,179.97142857142856,Bulk 2
2026-03-03,180.2,1,180.20000000000002,Bulk 2
2026-03-04,181.2,1,180.42857142857142,Bulk 2
2026-03-05,180.8,1,180.59999999999997,Bulk 2
2026-03-06,179.2,1,180.45714285714283,Bulk 2
2026-03-07,180.2,1,180.45714285714286,Bulk 2
2026-03-08,179.8,1,180.28571428571428,Bulk 2
2026-03-09,179.6,1,180.14285714285714,Bulk 2
2026-03-10,180.4,1,180.17142857142858,Bulk 2
2026-03-11,181.4,1,180.20000000000002,Bulk 2
2026-03-12,181.2,1,180.25714285714284,Bulk 2
2026-03-13,180.2,1,180.4,Bulk 2
2026-03-14,181.2,1,180.54285714285714,Bulk 2
2026-03-15,181.0,1,180.71428571428572,Bulk 2
2026-03-16,180.8,1,180.88571428571427,Bulk 2
2026-03-17,180.6,1,180.91428571428574,Bulk 2
2026-03-18,180.8,1,180.82857142857142,Bulk 2
2026-03-19,180.4,1,180.71428571428572,Bulk 2
2026-03-20,181.2,1,180.85714285714286,Bulk 2
2026-03-21,181.8,1,180.94285714285715,Bulk 2
2026-03-22,182.0,1,181.08571428571432,Bulk 2
2026-03-23,181.8,1,181.22857142857146,Bulk 2
2026-03-24,181.4,1,181.34285714285716,Bulk 2
2026-03-25,182.0,1,181.5142857142857,Bulk 2
2026-03-26,181.2,1,181.6285714285714,Bulk 2
2026-03-27,181.8,1,181.71428571428572,Bulk 2
2026-03-28,183.4,1,181.94285714285712,Bulk 2
2026-03-29,182.6,1,182.0285714285714,Bulk 2
2026-03-30,183.0,1,182.20000000000002,Bulk 2
2026-03-31,181.8,1,182.25714285714284,Bulk 2
2026-04-01,182.8,1,182.3714285714286,Bulk 2
2026-04-02,182.8,1,182.6,Bulk 2
2026-04-03,183.2,1,182.8,Bulk 2
2026-04-04,183.6,1,182.82857142857142,Bulk 2
2026-04-05,182.6,1,182.82857142857142,Bulk 2
2026-04-06,182.0,1,182.6857142857143,Bulk 2
2026-04-07,182.4,1,182.77142857142854,Bulk 2
2026-04-08,182.6,1,182.74285714285716,Bulk 2
2026-04-09,182.4,1,182.68571428571428,Bulk 2
2026-04-10,182.0,1,182.5142857142857,Bulk 2
2026-04-11,183.4,1,182.4857142857143,Bulk 2
2026-04-12,182.8,1,182.5142857142857,Bulk 2
2026-04-13,181.8,1,182.4857142857143,Bulk 2
2026-04-14,181.6,1,182.3714285714286,Bulk 2
2026-04-15,182.4,1,182.34285714285716,Cut 2
2026-04-16,181.6,1,182.22857142857146,Cut 2
2026-04-17,180.6,1,182.02857142857144,Cut 2
2026-04-18,180.8,1,181.65714285714284,Cut 2
2026-04-20,177.4,1,180.8857142857143,Cut 2
2026-04-21,179.6,1,180.57142857142858,Cut 2
2026-04-22,179.6,1,180.28571428571428,Cut 2
2026-04-23,180.4,1,180.0,Cut 2
2026-04-24,179.2,1,179.65714285714284,Cut 2
2026-04-26,179.4,1,179.4857142857143,Cut 2
2026-04-27,179.4,1,179.28571428571428,Cut 2
2026-04-28,179.0,1,179.5142857142857,Cut 2
2026-04-29,179.0,1,179.42857142857142,Cut 2
2026-04-30,179.2,1,179.37142857142857,Cut 2
2026-05-01,178.4,1,179.08571428571426,Cut 2
2026-05-02,178.4,1,178.9714285714286,Cut 2
2026-05-03,178.6,1,178.85714285714286,Cut 2
2026-05-04,179.2,1,178.82857142857142,Cut 2
2026-05-05,178.2,1,178.71428571428572,Cut 2
2026-05-06,178.6,1,178.65714285714287,Cut 2
2026-05-07,178.8,1,178.6,Cut 2
2026-05-08,178.6,1,178.6285714285714,Cut 2
2026-05-09,179.2,1,178.74285714285716,Cut 2
2026-05-10,177.8,1,178.6285714285714,Cut 2
2026-05-11,178.0,1,178.45714285714283,Cut 2
2026-05-12,176.6,1,178.22857142857146,Cut 2
2026-05-13,177.0,1,178.0,Cut 2
2026-05-14,177.2,1,177.77142857142857,Cut 2
2026-05-15,177.8,1,177.65714285714287,Cut 2
2026-05-16,177.0,1,177.34285714285716,Cut 2
2026-05-17,176.2,1,177.11428571428573,Cut 2
2026-05-18,176.0,1,176.82857142857145,Cut 2
2026-05-19,176.8,1,176.85714285714286,Cut 2
2026-05-20,176.2,1,176.7428571428571,Cut 2
2026-05-21,176.2,1,176.6,Cut 2
2026-05-22,176.2,1,176.37142857142857,Cut 2
2026-05-23,175.8,1,176.2,Cut 2
2026-05-24,174.4,1,175.94285714285712,Cut 2
2026-05-25,173.6,1,175.59999999999997,Cut 2
2026-05-26,174.8,1,175.3142857142857,Cut 2
2026-05-27,175.2,1,175.17142857142858,Cut 2
2026-05-28,175.0,1,175.0,Cut 2
2026-05-29,174.6,1,174.77142857142857,Cut 2
2026-05-30,173.8,1,174.4857142857143,Cut 2
2026-05-31,173.4,1,174.34285714285716,Cut 2
2026-06-01,173.4,1,174.31428571428572,Cut 2
2026-06-02,172.8,1,174.02857142857144,Cut 2
2026-06-03,173.2,1,173.74285714285716,Cut 2
2026-06-04,173.0,1,173.45714285714286,Cut 2
2026-06-05,173.2,1,173.25714285714284,Cut 2
2026-06-06,174.2,1,173.31428571428572,Cut 2
2026-06-07,174.0,1,173.40000000000003,Cut 2
2026-06-08,173.6,1,173.42857142857142,Cut 2
2026-06-09,172.8,1,173.42857142857142,Cut 2
2026-06-10,173.8,1,173.5142857142857,Cut 2
2026-06-11,173.8,1,173.62857142857143,Cut 2
2026-06-12,172.8,1,173.57142857142858,Cut 2
2026-06-13,173.6,1,173.48571428571427,Cut 2
2026-06-14,174.4,1,173.54285714285714,Cut 2
2026-06-15,172.8,1,173.42857142857142,Cut 2
2026-06-16,172.4,1,173.3714285714286,Cut 2
2026-06-17,172.2,1,173.14285714285717,Cut 2
2026-06-18,172.4,1,172.94285714285712,Cut 2
2026-06-19,172.0,1,172.82857142857142,Cut 2
2026-06-20,170.8,1,172.42857142857142,Cut 2
2026-06-21,172.2,1,172.1142857142857,Cut 2
2026-06-22,170.6,1,171.8,Cut 2
2026-06-23,171.2,1,171.6285714285714,Cut 2
2026-06-24,170.4,1,171.37142857142857,Cut 2
2026-06-25,170.8,1,171.14285714285714,Cut 2
2026-06-26,171.6,1,171.08571428571432,Cut 2
